title,topic
The Signal Clone the Trump Admin Uses Was Hacked,0
White House Releases Yet Another AI-Generated Image Of Trump — This Time As A Jacked Sith Lord,1
Microsoft Confirms You Cannot Cancel New Windows 11 24H2 Update,0
"Mr. Deepfakes, the Biggest Deepfake Porn Site on the Internet, Says It’s Shutting Down for Good",0
‘Clown’ Donald Trump slammed for AI-generated pope post,-1
Research Announcements Shifting to Bluesky,0
"It’s Time To Get Concerned, Klarna, UPS, Duolingo, Cisco, And Many Other Companies Are Replacing Workers With AI",1
A Scientific Discovery Could Feed 136 Billion People – A Breakthrough Like the Invention of Fertilizers,-1
People Are Losing Loved Ones to AI-Fueled Spiritual Fantasies. Self-styled prophets are claiming they have 'awakened' chatbots and accessed the secrets of the universe through ChatGPT,1
Uber starts allowing customers to pay in cash,-1
"Perfect storm of tech bros, foreign interference and disinformation is an urgent threat to press freedom",0
Microsoft’s new “passwordless by default” is great but comes at a cost,0
Trump says he would delay TikTok ban past June 19 deadline,-1
U.S. Power Sector Milestone: Fossil Fuels Drop Below 50%,2
Trump says he’ll extend TikTok deadline again as ByteDance divestiture talks stall over tariffs,2
New Tesla sales in Spain drop 36% in April despite EV sales surge,2
"GM Recalls 721K Trucks and Full-Size SUVs Due to Defective 6.2L V-8s | The massive recall and stop-sale involve popular models like the Cadillac Escalade, Chevy Silverado, and GMC Yukon, whose engines can lose power or fail.",2
DOJ confirms it wants to break up Google's advertising tech monopoly,-1
DeepSeek. Temu. TikTok. China Tech Is Starting to Pull Ahead.,-1
The Louvre’s Nintendo 3DS audio guide service is ending after 13 years | The Paris museum says ‘a new system’ is taking its place,-1
"Here's the source code for the unofficial Signal app used by Trump officials, TeleMessage. The source code contains hardcoded credentials and other vulnerabilities.",-1
‘The Worst Internet-Research Ethics Violation I Have Ever Seen’,0
UK could require solar panels on most new homes by 2027 | Country aims to decarbonize by 2030,2
"North Korea Stole Your Job. For years, North Korea has been secretly placing young IT workers inside Western companies. With AI, their schemes are now more devious—and effective—than ever.",1
How Ukraine Is Replacing Human Soldiers With A Robot Army,1
Skype shutting down: Your memories as Microsoft shuts down the video calling service,0
"Dating App ‘Raw’ Accidentally Rawdogs Users’ Location Data, Personal Info | App users' data was left completely and utterly unprotected.",0
TSA Says Passengers Without Real ID Should Get to the Airport 3 Hours Early | The Real ID deadline is May 7.,0
Satellite images reveal Huawei’s advanced chip production line in China | Rapid expansion of Shenzhen facilities designed to break dependence on foreign technologies,-1
Tech oligarchs are gambling our future on a fantasy,-1
Elon Musk’s European crisis deepens—initial April sales numbers prove devastating for Tesla,2
Grok AI Has a Problem: It’s Too Accurate for Conservatives | MAGA folks can't believe their preferred chatbot won't reaffirm all their beliefs.,1
BYD’s Mega Ship Can Carry 9000+ EVs,2
Trump draws criticism with AI image of himself as the pope,-1
Apple notifies new victims of spyware attacks across the world,0
"Cook'd: Judge says Apple lied to court in Epic case, asks Feds to mull criminal charges; CEO, senior execs ‘at every turn chose the most anti-competitive option’",-1
"Chips aren’t improving like they used to, and it’s killing game console price cuts | Slowed manufacturing advancements are upending the way tech progresses.",-1
Exclusive: TikTok bidder calls $600 million EU fine latest example in 'avalanche of evidence' social media companies control too much user data,-1
DOCSIS 3.0 vs. 3.1 vs. 4.0: Comparing the Differences,0
Trump’s Tariff on Cheap Chinese Imports Will Cost Big Tech Billions,2
Doomed Soviet satellite from 1972 will tumble uncontrollably to Earth next week — and it could land almost anywhere,-1
"They Stole a Quarter-Billion in Crypto and Got Caught Within a Month. How luxury cars, $500,000 bar tabs and a mysterious kidnapping attempt helped investigators unravel the heist of a lifetime.",-1
"Microsoft ends Authenticator password autofill, moves users to Edge",-1
Janet Jackson’s ‘Rhythm Nation’ crashed some Windows laptops for years,0
Tesla sales drop 75% in the Netherlands due to global trade tensions | News.az,2
Amazon CEO Andy Jassy plays up his retail rivals’ worst nightmare: Trump’s tariffs may actually strengthen Amazon,2
Skype to go offline on May 5; Microsoft urges transition to Teams,0
‘ProtectEU’ security strategy: a step further towards a digital dystopian future,0
Skype Signs Off: The Original Video Call MVP Hangs Up for Good,0
Judge on Meta’s AI training: “I just don’t understand how that can be fair use”,1
"How Palantir, the secretive tech company, is rising in the Trump era",-1
Nintendo has filed a lawsuit against accessory manufacturer Genki for showing off 3D-printed mockups of the Nintendo Switch 2 ahead of its official announcement,-1
"US federal judge on Meta's AI copyright fair use argument: 'You are dramatically changing, you might even say obliterating, the market for that person's work'",-1
India conducts first trial flight of stratospheric airship platform enhancing aerial surveillance,-1
Pro-Russian influence operation targeting Australia in lead-up to election with attempt to 'poison' AI chatbots,1
"Google is losing market share to Bing on desktop, but very slowly and only little",-1
"How Tesla Could Skirt Trump’s Tariffs While Everyone Else Pays Up | Trump’s tariffs are set to “blow a hole in U.S. industry,” according to Ford’s CEO, but some automakers like Tesla might not feel the pain.",2
The FDA Just Approved the First CRISPR-Edited Pigs for Food,-1
Kuwait declares cryptocurrency mining illegal amid power crisis crackdown,2
Trump administration asks Supreme Court to allow DOGE into Social Security systems,-1
Tesla Sales Plummet 80.7% in Sweden,2
Strongest hints yet of biological activity outside the solar system,-1
Jeff Bezos discloses plan to sell up to $4.8 billion in Amazon stock,2
"Firefox could be doomed without Google search deal, says executive",-1
"AI chatbots are 'juicing engagement' instead of being useful, Instagram co-founder warns | TechCrunch",1
"China's Xpeng delivers over 30,000 vehicles for the sixth consecutive month",2
Temu to stop selling goods from China directly to US customers,-1
"On the Day He Was Fired as National Security Advisor, Mike Waltz Used an Israeli App to Archive Signal Messages",-1
"Nvidia CEO Jensen Huang Sounds Alarm As 50% Of AI Researchers Are Chinese, Urges America To Reskill Amid 'Infinite Game'",1
US weather forecasting is more crippled than previously known as hurricane season nears,-1
Hyundai to employ humanoid Atlas robots at U.S. plant in Georgia,-1
We finally know a little more about Amazon’s super-secret satellites,-1
"Digital iron curtain: Daily NK has obtained the complete text of North Korea’s Information Technology Law, which was amended in 2022",-1
Trump signs executive order cutting federal funding to broadcasters,-1
A DOGE Recruiter Is Staffing a Project to Deploy AI Agents Across the US Government,1
"Nvidia CEO Jensen Huang gets first pay raise in a decade, now earns $49.8 million | The average Nvidia worker earns $301,233",-1
Co-op apologises after hackers extract ‘significant’ amount of customer data,0
Critical zero day found in Airplay.,0
Windows Remote Desktop Protocol contains a login backdoor Microsoft refuses to fix,-1
One of Google's recent Gemini AI models scores worse on safety,1
"DeepSeek’s AI model being used to design new Chinese warplanes, leading engineer says",1
Starbase: Elon Musk’s SpaceX launch site becomes an official Texas city,-1
"Office is too slow, so Microsoft is making it load at Windows startup",0
Turns out that the earliest versions of Windows 7 took longer to load depending on your choice of desktop wallpaper,-1
I Really Hope the U.S. Isn’t Using X to Decide Who to Bomb | A new report suggests that OSINT accounts on social media may play a role when it comes to who the U.S. decides to kill.,-1
"White House budget seeks to end SLS, Orion, and Lunar Gateway programs | ""SLS alone costs $4 billion per launch and is 140 percent over budget.""",-1
Texas House passes bill that bans people under 18 from using social media,-1
Mike Waltz Accidentally Reveals Obscure App the Government Is Using to Archive Signal Messages,0
"The Most Persuasive ‘People’ on Reddit Were a Front for AI | It’s one thing to be fooled by a human with dubious morals, and another entirely to have your mind changed by something that doesn’t have one.",1
Colorado’s Social Media Moral Panic Bill Dies After Governor’s Thoughtful Veto,-1
"The CL1, a computer that incorporates neurons",1
Grand Theft Auto VI release delayed to May 2026,-1
Windows 11 users reportedly losing data due to Microsoft's forced BitLocker encryption,-1
Ireland fines TikTok 530 million euros for sending EU user data to China,-1
Lawmakers Are Preparing to Reintroduce the Kids Online Safety Act,-1
NASA faces cuts to rocket program and lunar space station in Trump's 2026 budget,2
Physicist Says He's Identified a Clue That We're Living in a Computer Simulation,1
Facebook and Instagram in Nigeria: Meta threatens to cut access over fines,-1
Stripe already has a way for iOS developers to dodge Apple’s payment system,-1
85% of US veterans who played video games on active duty say it helped to escape the stress of military life | A new survey finds that veterans used games to boost morale and strengthen camaraderie,-1
